USE [master]
GO
 
/****** Object:  Database [QLNS]    Script Date: 11/24/2019 1:52:55 PM ******/
CREATE DATABASE QLNS;
GO
use QLNS;
GO
--EXEC [QLNS].[dbo].[sp_fulltext_database] @action = 'enable'
--end
GO
ALTER DATABASE [QLNS] SET ANSI_NULL_DEFAULT OFF 
GO
ALTER DATABASE [QLNS] SET ANSI_NULLS OFF 
GO
ALTER DATABASE [QLNS] SET ANSI_PADDING OFF 
GO
ALTER DATABASE [QLNS] SET ANSI_WARNINGS OFF 
GO
ALTER DATABASE [QLNS] SET ARITHABORT OFF 
GO
ALTER DATABASE [QLNS] SET AUTO_CLOSE OFF 
GO
ALTER DATABASE [QLNS] SET AUTO_SHRINK OFF 
GO
ALTER DATABASE [QLNS] SET AUTO_UPDATE_STATISTICS ON 
GO
ALTER DATABASE [QLNS] SET CURSOR_CLOSE_ON_COMMIT OFF 
GO
ALTER DATABASE [QLNS] SET CURSOR_DEFAULT  GLOBAL 
GO
ALTER DATABASE [QLNS] SET CONCAT_NULL_YIELDS_NULL OFF 
GO
ALTER DATABASE [QLNS] SET NUMERIC_ROUNDABORT OFF 
GO
ALTER DATABASE [QLNS] SET QUOTED_IDENTIFIER OFF 
GO
ALTER DATABASE [QLNS] SET RECURSIVE_TRIGGERS OFF 
GO
ALTER DATABASE [QLNS] SET  ENABLE_BROKER 
GO
ALTER DATABASE [QLNS] SET AUTO_UPDATE_STATISTICS_ASYNC OFF 
GO
ALTER DATABASE [QLNS] SET DATE_CORRELATION_OPTIMIZATION OFF 
GO
ALTER DATABASE [QLNS] SET TRUSTWORTHY OFF 
GO
ALTER DATABASE [QLNS] SET ALLOW_SNAPSHOT_ISOLATION OFF 
GO
ALTER DATABASE [QLNS] SET PARAMETERIZATION SIMPLE 
GO
ALTER DATABASE [QLNS] SET READ_COMMITTED_SNAPSHOT OFF 
GO
ALTER DATABASE [QLNS] SET HONOR_BROKER_PRIORITY OFF 
GO
ALTER DATABASE [QLNS] SET RECOVERY FULL 
GO
ALTER DATABASE [QLNS] SET  MULTI_USER 
GO
ALTER DATABASE [QLNS] SET PAGE_VERIFY CHECKSUM  
GO
ALTER DATABASE [QLNS] SET DB_CHAINING OFF 
GO
--ALTER DATABASE [QLNS] SET FILESTREAM( NON_TRANSACTED_ACCESS = OFF ) 
--GO
--ALTER DATABASE [QLNS] SET TARGET_RECOVERY_TIME = 60 SECONDS 
--GO
--ALTER DATABASE [QLNS] SET DELAYED_DURABILITY = DISABLED 
--GO
EXEC sys.sp_db_vardecimal_storage_format N'QLNS', N'ON'
GO
--ALTER DATABASE [QLNS] SET QUERY_STORE = OFF
--GO
USE [QLNS]
GO
/****** Object:  Table [dbo].[CHUCVU]    Script Date: 11/24/2019 1:52:55 PM ******/
SET ANSI_NULLS ON
GO
SET QUOTED_IDENTIFIER ON
GO
CREATE TABLE [dbo].[CHUCVU](
	[MaCV] [varchar](12) NOT NULL,
	[TenCV] [nvarchar](500) NULL,
PRIMARY KEY CLUSTERED 
(
	[MaCV] ASC
)WITH (PAD_INDEX = OFF, STATISTICS_NORECOMPUTE = OFF, IGNORE_DUP_KEY = OFF, ALLOW_ROW_LOCKS = ON, ALLOW_PAGE_LOCKS = ON) ON [PRIMARY]
) ON [PRIMARY]
GO

/****** Object:  Table [dbo].[HOPDONGLAODONG]    Script Date: 11/24/2019 1:52:55 PM ******/
SET ANSI_NULLS ON
GO
SET QUOTED_IDENTIFIER ON
GO
CREATE TABLE [dbo].[HOPDONGLAODONG](
	[MaHD] [varchar](12) NOT NULL,
	[LoaiHD] [nvarchar](500) NULL,
	[TuNgay] [date] NULL,
	[DenNgay] [date] NULL,
PRIMARY KEY CLUSTERED 
(
	[MaHD] ASC
)WITH (PAD_INDEX = OFF, STATISTICS_NORECOMPUTE = OFF, IGNORE_DUP_KEY = OFF, ALLOW_ROW_LOCKS = ON, ALLOW_PAGE_LOCKS = ON) ON [PRIMARY]
) ON [PRIMARY]
GO
/****** Object:  Table [dbo].[LUONG]    Script Date: 11/24/2019 1:52:55 PM ******/
SET ANSI_NULLS ON
GO
SET QUOTED_IDENTIFIER ON
GO
CREATE TABLE [dbo].[LUONG](
	[BacLuong] [int] NOT NULL,
	[LuongCB] [int] NULL,
	[HSLuong] [int] NULL,
	[HSPhuCap] [int] NULL,
PRIMARY KEY CLUSTERED 
(
	[BacLuong] ASC
)WITH (PAD_INDEX = OFF, STATISTICS_NORECOMPUTE = OFF, IGNORE_DUP_KEY = OFF, ALLOW_ROW_LOCKS = ON, ALLOW_PAGE_LOCKS = ON) ON [PRIMARY]
) ON [PRIMARY]
GO
/****** Object:  Table [dbo].[NHANVIEN]    Script Date: 11/24/2019 1:52:55 PM ******/
SET ANSI_NULLS ON
GO
SET QUOTED_IDENTIFIER ON
GO
CREATE TABLE [dbo].[NHANVIEN](
	[MaNV] [varchar](12) NOT NULL,
	[TenNV] [nvarchar](500) NOT NULL,
	[SDT] [varchar](12) NOT NULL,
	[GIOITINH] [bit] NULL,
	[NgaySinh] [date] NULL,
	[DanToc] [nvarchar](50) NULL,
	[QueQuan] [nvarchar](500) NULL,
	[DiaChi] [nvarchar](1000) NULL,
	[CMND] [varchar](12) NULL,
	[MaPB] [varchar](12) NULL,
	[MaCV] [varchar](12)  NULL,
	[MaTDHV] [varchar](12)  NULL,
	[BacLuong] [int]  NULL,
	[MaHD] [varchar](12) NULL,
PRIMARY KEY CLUSTERED 
(
	[MaNV] ASC
)WITH (PAD_INDEX = OFF, STATISTICS_NORECOMPUTE = OFF, IGNORE_DUP_KEY = OFF, ALLOW_ROW_LOCKS = ON, ALLOW_PAGE_LOCKS = ON) ON [PRIMARY]
) ON [PRIMARY]
GO
/****** Object:  Table [dbo].[PHONGBAN]    Script Date: 11/24/2019 1:52:55 PM ******/
SET ANSI_NULLS ON
GO
SET QUOTED_IDENTIFIER ON
GO
CREATE TABLE [dbo].[PHONGBAN](
	[MaPB] [varchar](12) NOT NULL,
	[TenPB] [nvarchar](500) NULL,
	[DiaChi] [nvarchar](1000) NULL,
	[MaTRPHONG] [varchar](12)  NULL,
PRIMARY KEY CLUSTERED 
(
	[MaPB] ASC
)WITH (PAD_INDEX = OFF, STATISTICS_NORECOMPUTE = OFF, IGNORE_DUP_KEY = OFF, ALLOW_ROW_LOCKS = ON, ALLOW_PAGE_LOCKS = ON) ON [PRIMARY]
) ON [PRIMARY]
GO
/****** Object:  Table [dbo].[TAIKHOAN]    Script Date: 11/24/2019 1:52:55 PM ******/
SET ANSI_NULLS ON
GO
SET QUOTED_IDENTIFIER ON
GO
CREATE TABLE [dbo].[TAIKHOAN](
	[MaNV] [varchar](12) NOT NULL,
	[MatKhau] [varchar](12) NULL,
	[VaiTro] [int] NULL,
PRIMARY KEY CLUSTERED 
(
	[MaNV] ASC
)WITH (PAD_INDEX = OFF, STATISTICS_NORECOMPUTE = OFF, IGNORE_DUP_KEY = OFF, ALLOW_ROW_LOCKS = ON, ALLOW_PAGE_LOCKS = ON) ON [PRIMARY]
) ON [PRIMARY]
GO
/****** Object:  Table [dbo].[TRINHDOHOCVAN]    Script Date: 11/24/2019 1:52:55 PM ******/
SET ANSI_NULLS ON
GO
SET QUOTED_IDENTIFIER ON
GO
CREATE TABLE [dbo].[TRINHDOHOCVAN](
	[MaTDHV] [varchar](12) NOT NULL,
	[TenTDHV] [nvarchar](500) NULL,
	[CNGANH] [nvarchar](500) NULL,
PRIMARY KEY CLUSTERED 
(
	[MaTDHV] ASC
)WITH (PAD_INDEX = OFF, STATISTICS_NORECOMPUTE = OFF, IGNORE_DUP_KEY = OFF, ALLOW_ROW_LOCKS = ON, ALLOW_PAGE_LOCKS = ON) ON [PRIMARY]
) ON [PRIMARY]
GO
--ALTER TABLE [dbo].[HOPDONGLAODONG]  WITH CHECK ADD  CONSTRAINT [FK_MANV_NHANVIEN] FOREIGN KEY([MaNV])
--REFERENCES [dbo].[NHANVIEN] ([MaNV])
--GO
--ALTER TABLE [dbo].[HOPDONGLAODONG] CHECK CONSTRAINT [FK_MANV_NHANVIEN]
GO
ALTER TABLE [dbo].[NHANVIEN]  WITH CHECK ADD  CONSTRAINT [FK_BACLUONG_NHANVIEN] FOREIGN KEY([BacLuong])
REFERENCES [dbo].[LUONG] ([BacLuong])
GO
ALTER TABLE [dbo].[NHANVIEN] CHECK CONSTRAINT [FK_BACLUONG_NHANVIEN]
GO
ALTER TABLE [dbo].[NHANVIEN]  WITH CHECK ADD  CONSTRAINT [FK_MACV_NHANVIEN] FOREIGN KEY([MaCV])
REFERENCES [dbo].[CHUCVU] ([MaCV])
GO
ALTER TABLE [dbo].[NHANVIEN] CHECK CONSTRAINT [FK_MACV_NHANVIEN]
GO
ALTER TABLE [dbo].[NHANVIEN]  WITH CHECK ADD  CONSTRAINT [FK_MAHD_NHANVIEN] FOREIGN KEY([MaHD])
REFERENCES [dbo].[HOPDONGLAODONG] ([MaHD])
GO
ALTER TABLE [dbo].[NHANVIEN] CHECK CONSTRAINT [FK_MAHD_NHANVIEN]
GO
ALTER TABLE [dbo].[NHANVIEN]  WITH CHECK ADD  CONSTRAINT [FK_MAPB_NHANVIEN] FOREIGN KEY([MaPB])
REFERENCES [dbo].[PHONGBAN] ([MaPB])
GO
ALTER TABLE [dbo].[NHANVIEN] CHECK CONSTRAINT [FK_MAPB_NHANVIEN]
GO
ALTER TABLE [dbo].[NHANVIEN]  WITH CHECK ADD  CONSTRAINT [FK_MATDHV_NHANVIEN] FOREIGN KEY([MaTDHV])
REFERENCES [dbo].[TRINHDOHOCVAN] ([MaTDHV])
GO
ALTER TABLE [dbo].[NHANVIEN] CHECK CONSTRAINT [FK_MATDHV_NHANVIEN]
GO

ALTER TABLE [dbo].[TAIKHOAN]  WITH CHECK ADD FOREIGN KEY([MaNV])
REFERENCES [dbo].[NHANVIEN] ([MaNV])
GO


--insert table CHUCVU
INSERT dbo.CHUCVU (MaCV, TenCV)
VALUES ( 'CV01', N'Giám Đốc')
GO

INSERT dbo.CHUCVU (MaCV, TenCV)
VALUES ( 'CV02', N'Phó Giám Đốc')
GO

INSERT dbo.CHUCVU (MaCV, TenCV)
VALUES ( 'CV03', N'Trưởng Phòng')
GO

INSERT dbo.CHUCVU (MaCV, TenCV)
VALUES ( 'CV04', N'Phó Phòng')
GO

INSERT dbo.CHUCVU (MaCV, TenCV)
VALUES ( 'CV05', N'Nhân Viên')
GO


--insert table TRINHDOHOCVAN
INSERT dbo.TRINHDOHOCVAN(MaTDHV, TenTDHV, CNGANH)
VALUES ( 'TDHV01', N'Cử Nhân', N'Mạng Máy Tính')
GO

INSERT dbo.TRINHDOHOCVAN(MaTDHV, TenTDHV, CNGANH)
VALUES ( 'TDHV02', N'Thạc Sĩ', N'Công Nghệ Phần Mềm')
GO

INSERT dbo.TRINHDOHOCVAN(MaTDHV, TenTDHV, CNGANH)
VALUES ( 'TDHV03', N'Giáo Sư', N'Đồ Họa')
GO

INSERT dbo.TRINHDOHOCVAN(MaTDHV, TenTDHV, CNGANH)
VALUES ( 'TDHV04', N'Phó Giáo Sư', N'Công Nghệ Thông Tin')
GO

INSERT dbo.TRINHDOHOCVAN(MaTDHV, TenTDHV, CNGANH)
VALUES ( 'TDHV05', N'Tiến Sĩ', N'Ngôn Ngữ Việt')
GO

--insert table LUONG

INSERT dbo.LUONG(BacLuong, LuongCB, HSLuong, HSPhuCap)
VALUES ( 1, 1400000, 6, 0)
GO

INSERT dbo.LUONG(BacLuong, LuongCB, HSLuong, HSPhuCap)
VALUES ( 2, 1500000, 7, 1)
GO

INSERT dbo.LUONG(BacLuong, LuongCB, HSLuong, HSPhuCap)
VALUES ( 3, 1600000, 8, 2)
GO

INSERT dbo.LUONG(BacLuong, LuongCB, HSLuong, HSPhuCap)
VALUES ( 4, 1700000, 9, 3)
GO

INSERT dbo.LUONG(BacLuong, LuongCB, HSLuong, HSPhuCap)
VALUES ( 5, 1800000, 10, 4)
GO


--INSERT TABLE HOPDONGLAODONG
INSERT dbo.HOPDONGLAODONG(MaHD, LoaiHD, TuNgay, DenNgay)
VALUES ( 'HD01', N'1 Năm', '20191126','20201126')
GO

INSERT dbo.HOPDONGLAODONG(MaHD, LoaiHD, TuNgay, DenNgay)
VALUES ( 'HD02', N'2 Năm', '20191127','20211127')
GO

INSERT dbo.HOPDONGLAODONG(MaHD, LoaiHD, TuNgay, DenNgay)
VALUES ( 'HD03', N'3 Năm', '20191128','20221128')
GO

INSERT dbo.HOPDONGLAODONG(MaHD, LoaiHD, TuNgay, DenNgay)
VALUES ( 'HD04', N'4 Năm', '20191129','20231129')
GO

INSERT dbo.HOPDONGLAODONG(MaHD, LoaiHD, TuNgay, DenNgay)
VALUES ( 'HD05', N'5 Năm', '20191130','20241130')
GO

--insert tbale PHONGBAN
INSERT dbo.PHONGBAN(MaPB,TenPB,DiaChi,MaTRPHONG)
VALUES ( 'PB01', N'Tài Chính', N'Lầu 1', 'NV01')
GO

INSERT dbo.PHONGBAN(MaPB,TenPB,DiaChi,MaTRPHONG)
VALUES ( 'PB02', N'Kế Toán', N'Lầu 2', 'NV02')
GO

INSERT dbo.PHONGBAN(MaPB,TenPB,DiaChi,MaTRPHONG)
VALUES ( 'PB03', N'Hành Chính', N'Lầu 3', 'NV03')
GO

INSERT dbo.PHONGBAN(MaPB,TenPB,DiaChi,MaTRPHONG)
VALUES ( 'PB04', N'Tài Vụ', N'Lầu 4', 'NV04')
GO

INSERT dbo.PHONGBAN(MaPB,TenPB,DiaChi,MaTRPHONG)
VALUES ( 'PB05', N'Công Tác Chính Trị', N'Lầu 5', 'NV05')
GO

--insert table NHANVIEN

INSERT dbo.NHANVIEN(MaNV, TenNV, SDT, GIOITINH, NgaySinh, DanToc, QueQuan, DiaChi, CMND, MaPB, MaCV, MaTDHV, BacLuong, MaHD)
VALUES ( 'NV01', N'Nguyễn Văn An', '0929567992', 1, '20000110',N'Kinh', N'Vũng Tàu', N'Quận Thủ Đức', '125444333', 'PB01', 'CV01', 'TDHV01', 1, 'HD01')
GO

INSERT dbo.NHANVIEN(MaNV, TenNV, SDT, GIOITINH, NgaySinh, DanToc, QueQuan, DiaChi, CMND, MaPB, MaCV, MaTDHV, BacLuong, MaHD)
VALUES ( 'NV02', N'Nguyễn Thị Tiên', '0912356780', 0, '20000220',N'Kinh', N'Huế', N'Quận Tân Phú', '102544333', 'PB02', 'CV02', 'TDHV02', 1, 'HD02')
GO

INSERT dbo.NHANVIEN(MaNV, TenNV, SDT, GIOITINH, NgaySinh, DanToc, QueQuan, DiaChi, CMND, MaPB, MaCV, MaTDHV, BacLuong, MaHD)
VALUES ( 'NV03', N'Trần Minh Nhật', '0512345628', 1, '20000330',N'Kinh', N'Khánh Hòa', N'Quận 1', '112484333', 'PB03', 'CV03', 'TDHV03', 1, 'HD03')
GO

INSERT dbo.NHANVIEN(MaNV, TenNV, SDT, GIOITINH, NgaySinh, DanToc, QueQuan, DiaChi, CMND, MaPB, MaCV, MaTDHV, BacLuong, MaHD)
VALUES ( 'NV04', N'Hồ Thị Thúy', '0912345470', 0, '20000411',N'Kinh', N'Hà Nội', N'Quận 2', '148654333', 'PB04', 'CV04', 'TDHV04', 1, 'HD04')
GO

INSERT dbo.NHANVIEN(MaNV, TenNV, SDT, GIOITINH, NgaySinh, DanToc, QueQuan, DiaChi, CMND, MaPB, MaCV, MaTDHV, BacLuong, MaHD)
VALUES ( 'NV05', N'Nguyễn Thế Anh', '0912345678', 1, '20000823',N'Kinh', N'Hồ Chí Minh', N'Quận Thủ Đức', '184500654', 'PB05', 'CV05', 'TDHV05', 1, 'HD05')
GO



--insert tbale TAIKHOAN
INSERT dbo.TAIKHOAN(MaNV,MatKhau,VaiTro)
VALUES ( 'NV01', '123', 1)	
GO

INSERT dbo.TAIKHOAN(MaNV,MatKhau,VaiTro)
VALUES ( 'NV02', 'abc', 2)
GO

INSERT dbo.TAIKHOAN(MaNV,MatKhau,VaiTro)
VALUES ( 'NV03', '456', 3)
GO

INSERT dbo.TAIKHOAN(MaNV,MatKhau,VaiTro)
VALUES ( 'NV04', 'def', 4)
GO

INSERT dbo.TAIKHOAN(MaNV,MatKhau,VaiTro)
VALUES ( 'NV05', '789', 5)
GO






